FirstName,LastName,NidNumber,DateOfBirth,MobileNumber,Email,Password
Shakib,Hasan,6015153627,21-07-2002,1733198295,sakibhasanzim@gmail.com,2BeOrnot2bE
Wahid,Shuvo,2655560148,21-07-2003,1744454541,wahedshuvo39@gmail.com,Alibaba40chor
Shakib,Sarwar,8484494949,21-07-2004,1855955954,shakibsarwar45@gmail.com,rzrzrstttrdtrd
Aklima,Akhi,7884594456,21-07-2005,1546459494,aklimaakhi67@gmail.com,gdvgvquvduq
Anika,Bhusra,4949494945,21-07-2006,1464646465,anikabhusra78@gmail.com,ytcytcyvuuu
Showanur,Nirob,4955899489,21-07-2007,1744565464,showanurNIrob@gmail.com,guygcyuuiiv
Waheduzzaman,Shuvo,017732,2000-08-31,01773,wshuvo36@gmail.com,Wshuvo16
Imtiaj ,Sajin,1,2001-05-17,01797406598,imtiajsajin@gmail.com,sajin
Wahid,Shuvo,999,1998-08-28,019,w@shuvo16,0
sajiniaaaaaaaaaaaaa,aaaaaaaaaaaaaaalam,jiniaaa,2022-08-06,jinia,jinia@,7
wwww,wwww,wwww,2022-08-27,wwww,wwww,wwww
jolil,uddin,98,2001-08-24,01875627698,jolil12@gmail.com,234
Rifat,Mahmud,444,1991-08-23,899,example@gmail.com,qwerty